index,company,env,social,gov,all_letters,on_letters,top_env,top_soc,top_gov,top,diff %,diff_point
240,«БАТ Россия»,0.44,0.5,0.7,0.53,0.81,3,1,1,1,66.66666666666666,4.0
1386,ОАО «НК «ЮКОС»,0.34,0.5,0.43,0.41,0.58,5,2,3,2,16.666666666666664,1.0
190,АО «Альфа-банк»,0.5,0.0,0.36,0.4,0.48,2,4,4,3,50.0,3.0
408,ООО «Газпром трансгаз Ухта» (ООО «Севергазпром»),0.53,0.0,0.0,0.36,0.41,1,3,6,4,0.0,0.0
1372,Концерн «Шелл»,0.28,0.0,0.47,0.35,0.32,6,6,2,5,-50.0,-3.0
397,ПАО «Газпром нефть»,0.38,0.0,0.25,0.3,0.29,4,5,5,6,-83.33333333333334,-5.0
